Impact Summary ,,,,
ImpactType,Employment,LaborIncome,TotalValueAdded,Output
Direct Effect,5037.3804258004902,203226568.55439043,359951355.97332358,666668729.80644631
Indirect Effect,1518.0991383606522,109504040.16601394,162498190.10475031,315088810.63162178
Induced Effect,1792.2233064561804,90674012.870315418,164866012.64054811,284774258.03284454
Total Effect,8347.7028706173223,403404621.59071982,687315558.71862197,1266531798.4709127
