Impact Summary ,,,,
ImpactType,Employment,LaborIncome,TotalValueAdded,Output
Direct Effect,16329.302574724063,679659181.99144483,1080824069.9089663,1929416493.4733164
Indirect Effect,4431.9601215514585,296052964.20398796,445962613.29525256,865746046.05693698
Induced Effect,5592.4455266948971,282955596.22813255,514601268.44185597,888853942.71190619
Total Effect,26353.708222970417,1258667742.4235654,2041387951.6460748,3684016482.2421598
