Impact Summary ,,,,
ImpactType,Employment,LaborIncome,TotalValueAdded,Output
Direct Effect,1708.5646183393776,53328861.763806805,80303612.902855396,154245133.7085121
Indirect Effect,360.08417196580177,23364223.766220607,35592743.264252871,69522735.424622267
Induced Effect,439.57746967786454,22240513.333080202,40445354.713385694,69860384.181061357
Total Effect,2508.2262599830437,98933598.863107622,156341710.88049397,293628253.31419575
