Impact Summary ,,,,
ImpactType,Employment,LaborIncome,TotalValueAdded,Output
Direct Effect,2108.1645176482662,111855763.32574371,173859494.23324937,423783312.86851823
Indirect Effect,1007.9354603280713,65374861.423270389,101411737.55216104,200313068.4713451
Induced Effect,1015.9638880054295,51405167.624350205,93499226.695784524,161496416.25416568
Total Effect,4132.0638659817669,228635792.37336427,368770458.48119491,785592797.59402895
