Impact Summary ,,,,
ImpactType,Employment,LaborIncome,TotalValueAdded,Output
Direct Effect,5126.4050633955985,219530693.01837048,334258815.92892426,722840864.53049481
Indirect Effect,1725.620187090396,114569306.55354652,175024791.67440459,342248948.96763039
Induced Effect,1915.1728659276191,96903706.38077271,176261407.96533808,304446228.48090726
Total Effect,8767.1981164136141,431003705.95268971,685545015.56866693,1369536041.9790325
