Impact Summary ,,,,
ImpactType,Employment,LaborIncome,TotalValueAdded,Output
Direct Effect,10278.227054669556,433421573.43764424,700547108.93164337,1170190704.2433476
Indirect Effect,2626.2478830131599,173881994.79766998,260906408.74464867,501412430.2391358
Induced Effect,3480.920214078486,176122982.64853984,320324770.66747165,553283809.419801
Total Effect,16385.395151761204,783426550.88385415,1281778288.3437638,2224886943.9022846
