Impact Summary ,,,,
ImpactType,Employment,LaborIncome,TotalValueAdded,Output
Direct Effect,2893.5175140048959,113064895.96346621,185267016.3368203,340864045.45034319
Indirect Effect,807.9175435469208,54792428.528960176,82308629.978387073,160321598.06159785
Induced Effect,962.10350407279509,48678771.325963482,88531404.856082961,152917224.5872266
Total Effect,4663.5385616246112,216536095.81838989,356107051.17129034,654102868.0991677
