Impact Summary ,,,,
ImpactType,Employment,LaborIncome,TotalValueAdded,Output
Direct Effect,17896.975189121207,725097905.35225296,1184912753.0228307,2158969067.8016262
Indirect Effect,5020.8254098700763,338849243.56056607,509978194.33993286,994095366.73400295
Induced Effect,6098.4213908030015,308561793.45366848,561213105.04487622,969357929.81326854
Total Effect,29016.221989794285,1372508942.3664875,2256104052.40764,4122422364.3488979
