Impact Summary ,,,,
ImpactType,Employment,LaborIncome,TotalValueAdded,Output
Direct Effect,19564.762321638471,784220737.68685329,1304673438.3965478,2322260205.1715508
Indirect Effect,5347.0183354936389,365481127.28773844,547486780.91692364,1058413377.0523779
Induced Effect,6589.7127046252326,333414749.42510992,606379662.10381782,1047378074.1557647
Total Effect,31501.493361757341,1483116614.3997016,2458539881.4172893,4428051656.379693
